{
  "charls_m2": {
    "m2b_prev": 0.12028132625233243,
    "m2b_pos_count": 838,
    "m2a_mean_score": 0.3091522491349481,
    "m2a_median_score": 0.25,
    "per_item": {
      "db000": {
        "n_valid": 5780,
        "n_1": 4932,
        "n_2": 522,
        "n_3": 219,
        "n_4": 107,
        "n_missing": 1187,
        "m2b_pos": 326
      },
      "db001": {
        "n_valid": 5780,
        "n_1": 4726,
        "n_2": 421,
        "n_3": 404,
        "n_4": 229,
        "n_missing": 1187,
        "m2b_pos": 633
      },
      "db002": {
        "n_valid": 5780,
        "n_1": 5419,
        "n_2": 214,
        "n_3": 77,
        "n_4": 70,
        "n_missing": 1187,
        "m2b_pos": 147
      },
      "db003": {
        "n_valid": 5780,
        "n_1": 4927,
        "n_2": 604,
        "n_3": 159,
        "n_4": 90,
        "n_missing": 1187,
        "m2b_pos": 249
      },
      "db004": {
        "n_valid": 5780,
        "n_1": 4468,
        "n_2": 921,
        "n_3": 223,
        "n_4": 168,
        "n_missing": 1187,
        "m2b_pos": 391
      }
    }
  },
  "e2_charls_pp": 0.16104492608009188,
  "irt_results": [
    {
      "pop": "CHARLS",
      "n": 6967,
      "a": "[3.81922258 3.65334099 3.14450497 3.62361787 2.71671429]",
      "b": "[-0.04652428 -0.19224281  0.56436467 -0.03919028 -0.28640731]",
      "mu": -1.338701827121976,
      "converged": false,
      "n_iter": 10,
      "final_delta": 0.04992634582480049,
      "prev_obs": 0.2813262523324243,
      "prev_model": 0.28075414930558984,
      "prev_diff": 0.0005721030268344696,
      "TIF_mid_mean": 5.478248262334992,
      "rel_mid_mean": 0.7496640815497353,
      "SEM_mid_max": 1.4130442782679722
    },
    {
      "pop": "ELSA",
      "n": 4891,
      "a": "[3.18807002 3.49221022 2.1589462  3.80211533 3.44459383]",
      "b": "[-0.54637238 -0.33085792  0.78199242 -0.09594345  0.19118133]",
      "mu": -1.7528733127370293,
      "converged": false,
      "n_iter": 10,
      "final_delta": 0.0740820630213026,
      "prev_obs": 0.2005724800654263,
      "prev_model": 0.2010503036342786,
      "prev_diff": 0.00047782356885228694,
      "TIF_mid_mean": 5.091853336239417,
      "rel_mid_mean": 0.7644594288546499,
      "SEM_mid_max": 1.133398381667021
    },
    {
      "pop": "HRS",
      "n": 8833,
      "a": "[1. 1. 1. 1. 1.]",
      "b": "[nan nan nan nan nan]",
      "mu": NaN,
      "converged": false,
      "n_iter": 0,
      "final_delta": null,
      "prev_obs": NaN,
      "prev_model": NaN,
      "prev_diff": NaN,
      "TIF_mid_mean": NaN,
      "rel_mid_mean": NaN,
      "SEM_mid_max": NaN
    },
    {
      "pop": "LASI",
      "n": 21255,
      "a": "[3.4011174  4.99999409 2.90108101 4.76765575 3.66484518]",
      "b": "[ 0.20411488  0.07147667  0.22252536 -0.13138925 -0.36672767]",
      "mu": -1.401507793468964,
      "converged": false,
      "n_iter": 10,
      "final_delta": 0.030233057963706678,
      "prev_obs": 0.24220183486238533,
      "prev_model": 0.23136237223898598,
      "prev_diff": 0.010839462623399354,
      "TIF_mid_mean": 6.445375302378663,
      "rel_mid_mean": 0.7227319518705354,
      "SEM_mid_max": 1.7187334974381177
    },
    {
      "pop": "MHAS",
      "n": 7839,
      "a": "[1. 1. 1. 1. 1.]",
      "b": "[nan nan nan nan nan]",
      "mu": NaN,
      "converged": false,
      "n_iter": 0,
      "final_delta": null,
      "prev_obs": NaN,
      "prev_model": NaN,
      "prev_diff": NaN,
      "TIF_mid_mean": NaN,
      "rel_mid_mean": NaN,
      "SEM_mid_max": NaN
    },
    {
      "pop": "SHARE_DE",
      "n": 2344,
      "a": "[4.39918669 4.99999446 3.64460702 4.99999444 4.57942962]",
      "b": "[-0.33601591 -0.23487071  0.27126323  0.07877816  0.22084523]",
      "mu": -1.5843608322705536,
      "converged": false,
      "n_iter": 10,
      "final_delta": 0.0487064761247078,
      "prev_obs": 0.16083617747440274,
      "prev_model": 0.16692604708700698,
      "prev_diff": 0.006089869612604243,
      "TIF_mid_mean": 7.43397683262853,
      "rel_mid_mean": 0.7077393031537182,
      "SEM_mid_max": 2.253853601122306
    },
    {
      "pop": "SHARE_CZ",
      "n": 2338,
      "a": "[2.90036393 3.66925504 3.6957986  3.80246401 4.99999372]",
      "b": "[-0.3564366  -0.23074263  0.46993183 -0.02520686  0.14245426]",
      "mu": -1.7729387639871896,
      "converged": false,
      "n_iter": 10,
      "final_delta": 0.11022121005338947,
      "prev_obs": 0.16253207869974337,
      "prev_model": 0.16165888182587945,
      "prev_diff": 0.0008731968738639184,
      "TIF_mid_mean": 6.208014516960007,
      "rel_mid_mean": 0.743837535268574,
      "SEM_mid_max": 1.5362354943183123
    },
    {
      "pop": "SHARE_EE",
      "n": 2251,
      "a": "[3.62502707 3.48274742 2.66412469 4.77711875 4.99999517]",
      "b": "[-0.34721699 -0.305671    0.67247816 -0.14321615  0.12362598]",
      "mu": -1.6517010911882783,
      "converged": false,
      "n_iter": 10,
      "final_delta": 0.09453716710471483,
      "prev_obs": 0.18302976454908929,
      "prev_model": 0.1860672089831935,
      "prev_diff": 0.003037444434104225,
      "TIF_mid_mean": 6.322874537946525,
      "rel_mid_mean": 0.750806254195612,
      "SEM_mid_max": 1.5028397801647633
    },
    {
      "pop": "SHARE_SI",
      "n": 1930,
      "a": "[4.56331516 4.99999656 4.27361602 4.99999428 4.99999565]",
      "b": "[-0.28529234 -0.21286889  0.27571924 -0.00673037  0.22917235]",
      "mu": -1.5786994081722963,
      "converged": false,
      "n_iter": 10,
      "final_delta": 0.0024996562666084188,
      "prev_obs": 0.15129533678756477,
      "prev_model": 0.15957545089111766,
      "prev_diff": 0.008280114103552894,
      "TIF_mid_mean": 7.846028111885686,
      "rel_mid_mean": 0.6900139914221454,
      "SEM_mid_max": 2.5928378499096576
    },
    {
      "pop": "SHARE_PL",
      "n": 1660,
      "a": "[3.73613295 4.0323672  4.3134296  2.90698607 4.99999494]",
      "b": "[-0.32166593 -0.20520229  0.27329242  0.05507374  0.19850206]",
      "mu": -1.5455754254918914,
      "converged": false,
      "n_iter": 10,
      "final_delta": 0.006580894301660756,
      "prev_obs": 0.19698795180722892,
      "prev_model": 0.1972349065112952,
      "prev_diff": 0.0002469547040662712,
      "TIF_mid_mean": 6.540215400373752,
      "rel_mid_mean": 0.7239046043048528,
      "SEM_mid_max": 1.8729446114130928
    },
    {
      "pop": "SHARE_ES",
      "n": 1681,
      "a": "[4.99999513 4.99999466 4.65067114 4.99999543 4.99999524]",
      "b": "[-0.25653194 -0.27472262  0.34856946  0.03721615  0.14546895]",
      "mu": -1.3070011087316098,
      "converged": false,
      "n_iter": 10,
      "final_delta": 0.008619604878829179,
      "prev_obs": 0.19928613920285546,
      "prev_model": 0.21874456996821076,
      "prev_diff": 0.019458430765355306,
      "TIF_mid_mean": 8.117830196719828,
      "rel_mid_mean": 0.6885845648781418,
      "SEM_mid_max": 2.8151934915462102
    },
    {
      "pop": "SHARE_IT",
      "n": 1514,
      "a": "[4.99999561 4.27576792 3.61124385 4.99999406 4.99999511]",
      "b": "[-0.3196998  -0.31578334  0.31233004  0.10036249  0.22279061]",
      "mu": -1.6402358124009102,
      "converged": false,
      "n_iter": 10,
      "final_delta": 0.0197276588565658,
      "prev_obs": 0.15653896961690886,
      "prev_model": 0.15891721127215575,
      "prev_diff": 0.0023782416552468877,
      "TIF_mid_mean": 7.518582300301983,
      "rel_mid_mean": 0.7152376383678025,
      "SEM_mid_max": 2.1628365967816987
    },
    {
      "pop": "SHARE_IL",
      "n": 1141,
      "a": "[4.99999562 4.99999442 4.67255731 4.99999439 4.99999445]",
      "b": "[-0.35575401 -0.1942328   0.33662276  0.03338877  0.17997528]",
      "mu": -1.4080201264032435,
      "converged": false,
      "n_iter": 10,
      "final_delta": 0.0029840733106745176,
      "prev_obs": 0.19106047326906223,
      "prev_model": 0.1969657639068285,
      "prev_diff": 0.005905290637766264,
      "TIF_mid_mean": 8.124422450021981,